SampleID,Land_Use,Date,Season,Land_Season,Ecoli_MPN,LOG_Ecoli,Coliform_MPN,LOG_Coliform,pH,Conductivity,TDS,Temperature,DissolvedO2,Turbidity,Hardness
CP-W7,Cattle_Pasture,1/28/19,Dry,Cattle_Pasture_Dry,320,2.506505032,12262,4.088596728,5.2,0.43,130,25,,4.62,25
CP-W7,Cattle_Pasture,2/11/19,Dry,Cattle_Pasture_Dry,126,2.103803721,3836,3.583991799,6.1,0.16,79,26,4.8,0.48,
CP-W7,Cattle_Pasture,2/25/19,Dry,Cattle_Pasture_Dry,20,1.322219295,31062,4.492243397,7.1,0.29,88,24.1,,1.33,
CP-W7,Cattle_Pasture,3/19/19,Dry,Cattle_Pasture_Dry,240,2.382017043,22398,4.35022863,7,0.4,126,26.4,4.34,1.56,25
CP-W7,Cattle_Pasture,4/4/19,Dry,Cattle_Pasture_Dry,62,1.799340549,13734,4.137828664,6.7,0.47,84,26.8,,2.15,25
CP-W7,Cattle_Pasture,4/29/19,Dry,Cattle_Pasture_Dry,358,2.555094449,12976,4.113174305,7,0.48,112,28,,2.32,
CP-W7,Cattle_Pasture,5/20/19,Wet,Cattle_Pasture_Wet,124,2.096910013,48400,4.684854335,3.2,0.28,126,28.9,6.31,11.01,50
CP-W7,Cattle_Pasture,6/3/19,Wet,Cattle_Pasture_Wet,0.5,0.176091259,2422,3.384353414,3.5,0.2,105,31.2,7.82,2.6,25
CP-W7,Cattle_Pasture,6/17/19,Wet,Cattle_Pasture_Wet,0.5,0.176091259,3912,3.592509848,4.5,0.35,126,26.2,6.3,0.21,25
CP-W7,Cattle_Pasture,7/9/19,Wet,Cattle_Pasture_Wet,0.5,0.176091259,3720,3.57065967,4.1,0.09,72,26.8,6.71,0.03,25
CP-W7,Cattle_Pasture,7/23/19,Wet,Cattle_Pasture_Wet,0.5,0.176091259,2446,3.388633969,4,0.15,116,27.5,7.52,0.17,25
CP-W7,Cattle_Pasture,8/30/19,Wet,Cattle_Pasture_Wet,20,1.322219295,1602,3.204933522,4.8,0.08,117,26.7,7.4,0.16,25
CP-W7,Cattle_Pasture,9/11/19,Wet,Cattle_Pasture_Wet,0.5,0.176091259,5226,3.7182525,4.3,0.09,65,28,6.3,0.31,25
CP-W1,Cattle_Pasture,1/14/19,Dry,Cattle_Pasture_Dry,20,1.322219295,9222,3.964872209,6.4,0.14,68,,7.53,19.5,25
CP-W1,Cattle_Pasture,2/6/19,Dry,Cattle_Pasture_Dry,60,1.785329835,10950,4.039453779,5.4,0.13,61,25.1,,0.87,
CP-W1,Cattle_Pasture,2/19/19,Dry,Cattle_Pasture_Dry,0.5,0.176091259,6510,3.813647695,7.9,0.12,60,25.6,7.17,2.03,50
CP-W1,Cattle_Pasture,3/12/19,Dry,Cattle_Pasture_Dry,0.5,0.176091259,12262,4.088596728,6.1,0.62,122,26,4.34,4.11,25
CP-W1,Cattle_Pasture,3/26/19,Dry,Cattle_Pasture_Dry,62,1.799340549,8212,3.914501823,6.1,0.62,65,26.4,4.43,4.59,50
CP-W1,Cattle_Pasture,4/9/19,Dry,Cattle_Pasture_Dry,172,2.238046103,10344,4.014730495,7.3,0.14,105,28,7.58,2.62,50
CP-W1,Cattle_Pasture,4/23/19,Dry,Cattle_Pasture_Dry,20,1.322219295,16328,4.212959589,7,0.18,122,26.1,,4.52,50
CP-W1,Cattle_Pasture,5/7/19,Dry,Cattle_Pasture_Dry,0.5,0.176091259,914,2.961421094,7.1,0.13,92,27.6,4.7,3.68,50
CP-W1,Cattle_Pasture,5/27/19,Wet,Cattle_Pasture_Wet,446.622,2.650911423,48400,4.684854335,7,0.16,102,27.2,4.8,3.93,25
CP-W1,Cattle_Pasture,6/11/19,Wet,Cattle_Pasture_Wet,1764,3.24674471,39726,4.59908577,6.9,0.12,94,26.7,5.4,4.08,25
CP-W1,Cattle_Pasture,6/25/19,Wet,Cattle_Pasture_Wet,316,2.501059262,48400,4.684854335,7,0.15,88,27.3,6.35,2.13,25
CP-W1,Cattle_Pasture,7/16/19,Wet,Cattle_Pasture_Wet,62,1.799340549,22398,4.35022863,7,0.12,70,27,5.02,6.37,25
CP-W1,Cattle_Pasture,8/27/19,Wet,Cattle_Pasture_Wet,82,1.919078092,22382,4.349918295,6.1,0.09,65,27.1,6.23,2.03,25
CP-W1,Cattle_Pasture,9/4/19,Wet,Cattle_Pasture_Wet,5974,3.77633791,48400,4.684854335,6.4,0.06,75,26.4,6.25,0.45,25
CP-W2,Cattle_Pasture,1/31/19,Dry,Cattle_Pasture_Dry,0.5,0.176091259,48392,4.684782546,6.7,0.16,77,25.1,,2.56,
CP-W2,Cattle_Pasture,2/12/19,Dry,Cattle_Pasture_Dry,62,1.799340549,4286,3.632153484,8.6,0.15,70,25.9,6.93,5.12,
CP-W2,Cattle_Pasture,2/26/19,Dry,Cattle_Pasture_Dry,1040,3.01745073,5510,3.741230411,7,0.19,83,25,,1.19,50
CP-W2,Cattle_Pasture,3/18/19,Dry,Cattle_Pasture_Dry,0.5,0.176091259,2900,3.462547729,5.8,0.16,82,26,6.28,1.37,50
CP-W2,Cattle_Pasture,4/2/19,Dry,Cattle_Pasture_Dry,0.5,0.176091259,17328,4.238773502,6.6,0.43,98,26,6.05,0.41,50
CP-W2,Cattle_Pasture,4/16/19,Dry,Cattle_Pasture_Dry,40,1.612783857,5510,3.741230411,6.1,0.12,56,26.4,,2.25,50
CP-W2,Cattle_Pasture,4/30/19,Dry,Cattle_Pasture_Dry,148,2.173186268,2666,3.426023016,6,0.25,116,26.2,,0.38,50
CP-W2,Cattle_Pasture,5/21/19,Wet,Cattle_Pasture_Wet,82,1.919078092,14540,4.162594274,6.2,0.24,82,26,4.93,5.71,50
CP-W2,Cattle_Pasture,6/4/19,Wet,Cattle_Pasture_Wet,394,2.596597096,16328,4.212959589,6.6,0.17,78,29,5.98,5.42,25
CP-W2,Cattle_Pasture,7/3/19,Wet,Cattle_Pasture_Wet,62,1.799340549,15402,4.187605315,6.8,0.16,112,26.2,3.86,0.66,50
CP-W2,Cattle_Pasture,7/22/19,Wet,Cattle_Pasture_Wet,2518,3.401228167,12262,4.088596728,7.1,0.16,110,26.5,5.32,6.06,50
CP-W2,Cattle_Pasture,8/26/19,Wet,Cattle_Pasture_Wet,40,1.612783857,1314,3.118925753,6.4,0.09,65,27.1,4.7,0.86,25
CP-W2,Cattle_Pasture,9/3/19,Wet,Cattle_Pasture_Wet,40,1.612783857,5226,3.7182525,6,0.09,70,27.3,7.01,1.26,50
CP-W3,Cattle_Pasture,1/7/19,Dry,Cattle_Pasture_Dry,82,1.919078092,22398,4.35022863,5.8,0.2,62,32,,1.38,25
CP-W3,Cattle_Pasture,2/5/19,Dry,Cattle_Pasture_Dry,20,1.322219295,17328,4.238773502,6.5,0.08,41,24.5,,1.31,
CP-W3,Cattle_Pasture,2/18/19,Dry,Cattle_Pasture_Dry,104,2.021189299,15402,4.187605315,7.4,0.29,88,24.9,4.2,3.66,25
CP-W3,Cattle_Pasture,3/11/19,Dry,Cattle_Pasture_Dry,62,1.799340549,34658,4.539816028,6.5,0.66,139,26.5,5.45,25,0.7
CP-W3,Cattle_Pasture,3/26/19,Dry,Cattle_Pasture_Dry,238,2.378397901,15402,4.187605315,6,0.35,140,26.2,5.95,6.27,25
CP-W3,Cattle_Pasture,4/8/19,Dry,Cattle_Pasture_Dry,374,2.574031268,18416,4.265218888,6.8,0.14,68,28,6.69,1.51,25
CP-W3,Cattle_Pasture,4/22/19,Dry,Cattle_Pasture_Dry,320,2.506505032,13734,4.137828664,4.5,0.07,36,27.3,,3.36,25
CP-W3,Cattle_Pasture,5/6/19,Dry,Cattle_Pasture_Dry,0.5,0.176091259,48400,4.684854335,5,0.23,70,26,,5.08,25
CP-W3,Cattle_Pasture,5/28/19,Wet,Cattle_Pasture_Wet,786,2.895974732,31062,4.492243397,6.6,0.11,56,25.3,5.67,2.61,25
CP-W3,Cattle_Pasture,6/11/19,Wet,Cattle_Pasture_Wet,19608,4.292455447,82,1.919078092,6.9,0.13,52,25.5,5.84,1.88,25
CP-W3,Cattle_Pasture,6/24/19,Wet,Cattle_Pasture_Wet,0.5,0.176091259,10950,4.039453779,5.4,0.16,96,29.4,6.61,2.54,25
CP-W3,Cattle_Pasture,7/15/19,Wet,Cattle_Pasture_Wet,452,2.656098202,25994,4.414889822,5.9,0.06,50,27.1,7.24,2.65,25
CP-W3,Cattle_Pasture,7/29/19,Wet,Cattle_Pasture_Wet,654,2.8162413,24066,4.381421958,6,0.04,36,25.7,6.08,3.85,25
CP-W3,Cattle_Pasture,8/27/19,Wet,Cattle_Pasture_Wet,532,2.726727209,34658,4.539816028,6.9,0.12,48,26.9,6.57,2.87,25
CP-W3,Cattle_Pasture,9/10/19,Wet,Cattle_Pasture_Wet,218,2.340444115,16328,4.212959589,6.4,0.09,44,27.3,6.48,1.67,25
CP-W4,Cattle_Pasture,1/7/19,Dry,Cattle_Pasture_Dry,40,1.612783857,28272,4.451371893,5.3,0.09,39,29.2,,10.89,0
CP-W4,Cattle_Pasture,2/5/19,Dry,Cattle_Pasture_Dry,20,1.322219295,48400,4.684854335,4.7,0.06,28,24.4,,33.89,
CP-W4,Cattle_Pasture,2/18/19,Dry,Cattle_Pasture_Dry,82,1.919078092,18416,4.265218888,8,0.27,96,24.8,3.98,33.65,25
CP-W4,Cattle_Pasture,3/11/19,Dry,Cattle_Pasture_Dry,172,2.238046103,22398,4.35022863,6.4,0.45,96,25.6,4.34,25,23.6
CP-W4,Cattle_Pasture,3/26/19,Dry,Cattle_Pasture_Dry,60,1.785329835,622,2.794488047,6.8,0.65,85,26.2,4.22,12.78,25
CP-W4,Cattle_Pasture,4/8/19,Dry,Cattle_Pasture_Dry,20,1.322219295,8704,3.939768775,6.2,0.12,51,29,5.11,40.48,25
CP-W4,Cattle_Pasture,4/22/19,Dry,Cattle_Pasture_Dry,758,2.880241776,22398,4.35022863,6.4,0.1,51,27.5,,33.37,25
CP-W4,Cattle_Pasture,5/6/19,Dry,Cattle_Pasture_Dry,290,2.463892989,17328,4.238773502,6,0.4,86,26.1,,62.47,25
CP-W4,Cattle_Pasture,5/28/19,Wet,Cattle_Pasture_Wet,40,1.612783857,31062,4.492243397,5.2,0.04,69,26,1.22,17.02,25
CP-W4,Cattle_Pasture,6/11/19,Wet,Cattle_Pasture_Wet,316,2.501059262,4822,3.683317262,5.4,0.09,42,25.7,3.13,9.54,25
CP-W4,Cattle_Pasture,6/24/19,Wet,Cattle_Pasture_Wet,144,2.161368002,6896,3.838660226,6.2,0.12,59,29.1,7.33,8.58,50
CP-W4,Cattle_Pasture,7/15/19,Wet,Cattle_Pasture_Wet,3564,3.552059534,48400,4.684854335,5.4,0.02,21,26.4,5.85,6.82,25
CP-W4,Cattle_Pasture,7/29/19,Wet,Cattle_Pasture_Wet,194,2.290034611,18416,4.265218888,5.7,0.02,37,25.6,6.13,3.26,25
CP-W4,Cattle_Pasture,8/27/19,Wet,Cattle_Pasture_Wet,244,2.389166084,20924,4.320665467,6.5,0.04,24,27.1,6.97,0.16,25
CP-W4,Cattle_Pasture,9/5/19,Wet,Cattle_Pasture_Wet,62,1.799340549,12262,4.088596728,6.1,0.02,25,27.4,7.23,4.33,25
CP-W5,Cattle_Pasture,1/14/19,Dry,Cattle_Pasture_Dry,20,1.322219295,48400,4.684854335,6.2,0.16,72,30.8,,4.16,25
CP-W5,Cattle_Pasture,2/5/19,Dry,Cattle_Pasture_Dry,0.5,0.176091259,22398,4.35022863,4.4,0.15,66,25.4,,9.38,
CP-W5,Cattle_Pasture,2/18/19,Dry,Cattle_Pasture_Dry,0.5,0.176091259,798,2.902546779,7.2,0.32,120,24.8,4.31,16.26,50
CP-W5,Cattle_Pasture,3/27/19,Dry,Cattle_Pasture_Dry,322,2.509202522,4718,3.673849977,6.4,0.36,170,26.2,4.51,10.98,
CP-W5,Cattle_Pasture,3/11/19,Dry,Cattle_Pasture_Dry,244,2.389166084,31062,4.492243397,6.9,0.27,97,26.5,3.58,50,4.38
CP-W5,Cattle_Pasture,4/8/19,Dry,Cattle_Pasture_Dry,170,2.23299611,7156,3.854731017,6.6,0.38,162,26.9,6.35,6.67,50
CP-W5,Cattle_Pasture,4/22/19,Dry,Cattle_Pasture_Dry,1368,3.136403448,25994,4.414889822,5.5,0.19,89,27.6,,,50
CP-W5,Cattle_Pasture,5/6/19,Dry,Cattle_Pasture_Dry,370,2.56937391,22398,4.35022863,6.5,0.35,178,25,,9.15,50
CP-W5,Cattle_Pasture,5/28/19,Wet,Cattle_Pasture_Wet,394,2.596597096,34658,4.539816028,6.3,0.27,62,25.4,4.87,12.73,50
CP-W5,Cattle_Pasture,6/10/19,Wet,Cattle_Pasture_Wet,126,2.103803721,24066,4.381421958,6,0.25,117,26.2,5.21,16.08,25
CP-W5,Cattle_Pasture,7/15/19,Wet,Cattle_Pasture_Wet,584,2.767155866,12588,4.099991234,6.3,0.04,65,27,6.95,2.73,50
CP-W5,Cattle_Pasture,7/29/19,Wet,Cattle_Pasture_Wet,40,1.612783857,10950,4.039453779,6.1,0.09,72,26.8,6.28,6.08,50
CP-W5,Cattle_Pasture,8/26/19,Wet,Cattle_Pasture_Wet,104,2.021189299,24066,4.381421958,6,0.08,54,27.2,4.8,5.92,25
CP-W5,Cattle_Pasture,9/10/19,Wet,Cattle_Pasture_Wet,20,1.322219295,9768,3.98985011,6.5,0.05,45,25.8,5.51,3.52,25
CP-W6,Cattle_Pasture,1/14/19,Dry,Cattle_Pasture_Dry,172,2.238046103,39726,4.59908577,6.5,0.1,40,31.6,,43.61,25
CP-W6,Cattle_Pasture,2/5/19,Dry,Cattle_Pasture_Dry,1126,3.051923916,48400,4.684854335,5.8,0.26,109,26,,115.8,
CP-W6,Cattle_Pasture,2/18/19,Dry,Cattle_Pasture_Dry,20,1.322219295,19608,4.292455447,8.6,0.19,96,25.3,7.02,33.65,25
CP-W6,Cattle_Pasture,2/27/19,Dry,Cattle_Pasture_Dry,104,2.021189299,5510,3.741230411,6.5,0.26,106,28.2,7.27,26.22,
CP-W6,Cattle_Pasture,3/11/19,Dry,Cattle_Pasture_Dry,62,1.799340549,19608,4.292455447,6.9,0.75,130,27.3,7.22,25,18.25
CP-W6,Cattle_Pasture,4/8/19,Dry,Cattle_Pasture_Dry,40,1.612783857,6510,3.813647695,6.6,0.29,105,28.7,6.64,8.39,50
CP-W6,Cattle_Pasture,4/22/19,Dry,Cattle_Pasture_Dry,82,1.919078092,2828,3.451632947,6.2,0.26,97,27.2,,2.18,50
CP-W6,Cattle_Pasture,5/6/19,Dry,Cattle_Pasture_Dry,292,2.46686762,6152,3.789086915,6.4,0.4,110,26.1,,5.9,50
CP-W6,Cattle_Pasture,5/28/19,Wet,Cattle_Pasture_Wet,20,1.322219295,9222,3.964872209,6.4,0.16,89,27.5,6.24,5.64,50
CP-W6,Cattle_Pasture,6/10/19,Wet,Cattle_Pasture_Wet,0.5,0.176091259,17328,4.238773502,6.2,0.2,94,26.1,6.22,2.79,25
CP-W6,Cattle_Pasture,7/16/19,Wet,Cattle_Pasture_Wet,126,2.103803721,48392,4.684782546,6.8,0.3,126,26.3,5.86,5.25,25
CP-W6,Cattle_Pasture,7/30/19,Wet,Cattle_Pasture_Wet,462,2.665580991,31062,4.492243397,6.9,0.12,75,26.7,7.02,4.32,50
CP-W6,Cattle_Pasture,8/14/19,Wet,Cattle_Pasture_Wet,60,1.785329835,3764,3.575764981,6.9,0.12,85,26.2,7.03,3.76,25
CP-W6,Cattle_Pasture,8/27/19,Wet,Cattle_Pasture_Wet,218,2.340444115,28272,4.451371893,6.8,0.12,80,27.1,6.94,1.59,25
CP-W6,Cattle_Pasture,9/10/19,Wet,Cattle_Pasture_Wet,40,1.612783857,10950,4.039453779,6.8,0.06,75,26.9,6.6,3.87,25
CP-AS,Cattle_Pasture,11/8/18,Wet,Cattle_Pasture_Wet,1434,3.156851901,48400,4.684854335,7,0.2,85,24.3,6.92,5.3,25
CP-AS,Cattle_Pasture,11/29/18,Wet,Cattle_Pasture_Wet,882,2.945960704,28272,4.451371893,7.2,0.2,150,25.9,6.67,13.69,50
CP-AS,Cattle_Pasture,12/12/18,Wet,Cattle_Pasture_Wet,402,2.605305046,31062,4.492243397,6.8,0.23,113,24.7,6.65,4.5,25
CP-AS,Cattle_Pasture,12/13/18,Dry,Cattle_Pasture_Dry,394,2.596597096,39726,4.59908577,7,0.21,98,24.7,,3.49,50
CP-AS,Cattle_Pasture,1/10/19,Dry,Cattle_Pasture_Dry,362,2.559906625,16328,4.212959589,7.5,0.25,152,25.3,,7.2,50
CP-AS,Cattle_Pasture,1/31/19,Dry,Cattle_Pasture_Dry,60,1.785329835,17328,4.238773502,7.5,0.11,88,24.1,5.01,5.26,
CP-AS,Cattle_Pasture,2/14/19,Dry,Cattle_Pasture_Dry,436,2.640481437,15402,4.187605315,7.2,0.14,106,24.8,,5.03,
CP-AS,Cattle_Pasture,2/28/19,Dry,Cattle_Pasture_Dry,40,1.612783857,10950,4.039453779,7.2,0.27,195,24.6,,21.93,50
CP-AS,Cattle_Pasture,3/14/19,Dry,Cattle_Pasture_Dry,82,1.919078092,14540,4.162594274,7.2,0.24,211,25.3,,22.35,50
CP-AS,Cattle_Pasture,3/28/19,Dry,Cattle_Pasture_Dry,82,1.919078092,5510,3.741230411,7.1,0.18,137,25.8,2.61,5.73,50
CP-AS,Cattle_Pasture,4/11/19,Dry,Cattle_Pasture_Dry,82,1.919078092,3194,3.504470862,6.7,0.12,84,24.7,2.98,3.61,50
CP-AS,Cattle_Pasture,4/25/19,Dry,Cattle_Pasture_Dry,244,2.389166084,4978,3.697142126,7.7,0.12,86,24.7,2.19,3.65,50
CP-AS,Cattle_Pasture,5/9/19,Dry,Cattle_Pasture_Dry,0.5,0.176091259,4196,3.622938969,6.2,0.23,102,26.5,5.34,32.35,50
CP-AS,Cattle_Pasture,5/30/19,Wet,Cattle_Pasture_Wet,104,2.021189299,13734,4.137828664,5.7,0.18,79,26.2,2.63,5.51,50
CP-AS,Cattle_Pasture,6/13/19,Wet,Cattle_Pasture_Wet,700,2.845718018,48400,4.684854335,6.4,0.19,82,25.7,3.2,7.32,25
CP-AS,Cattle_Pasture,6/27/19,Wet,Cattle_Pasture_Wet,1248,3.096562438,24066,4.381421958,6.4,0.25,165,25.5,3.8,17.12,50
CP-AS,Cattle_Pasture,7/12/19,Wet,Cattle_Pasture_Wet,2142,3.331022171,48400,4.684854335,6.8,0.14,113,26.7,6.59,143.7,25
CP-AS,Cattle_Pasture,7/25/19,Wet,Cattle_Pasture_Wet,270,2.432969291,39726,4.59908577,7,0.11,86,25.5,7.36,6.62,50
CP-AS,Cattle_Pasture,8/1/19,Wet,Cattle_Pasture_Wet,1300,3.114277297,48392,4.684782546,6.6,0.17,130,25.9,7.16,6.68,50
CP-AS,Cattle_Pasture,8/28/19,Wet,Cattle_Pasture_Wet,570,2.756636108,31062,4.492243397,6.8,0.27,180,29.1,6.08,7.83,50
MF-W1,Mature_Forest,1/16/19,Dry,Mature_Forest_Dry,20,1.322219295,5818,3.764848357,6.9,0.27,119,,4.9,0.43,25
MF-W1,Mature_Forest,2/7/19,Dry,Mature_Forest_Dry,0.5,0.176091259,39726,4.59908577,5.2,0.12,61,25,,,
MF-W1,Mature_Forest,2/20/19,Dry,Mature_Forest_Dry,244,2.389166084,39726,4.59908577,8.1,0.11,53,24.8,5.92,3.85,25
MF-W1,Mature_Forest,3/27/19,Dry,Mature_Forest_Dry,126,2.103803721,24066,4.381421958,6.4,0.25,113,26.5,4.64,3.73,
MF-W1,Mature_Forest,4/10/19,Dry,Mature_Forest_Dry,20,1.322219295,5226,3.7182525,5.3,0.08,61,24.7,2.75,0.36,25
MF-W1,Mature_Forest,4/24/19,Dry,Mature_Forest_Dry,126,2.103803721,9768,3.98985011,4.8,0.12,55,25,,0.69,25
MF-W1,Mature_Forest,5/8/19,Dry,Mature_Forest_Dry,0.5,0.176091259,0.5,0.176091259,5.8,0.15,75,26,5.07,4.4,25
MF-W1,Mature_Forest,5/29/19,Wet,Mature_Forest_Wet,20,1.322219295,5510,3.741230411,5.3,0.07,37,25.6,6.45,4.23,25
MF-W1,Mature_Forest,6/12/19,Wet,Mature_Forest_Wet,172,2.238046103,48400,4.684854335,5.3,0.29,127,25.1,5.22,0.01,25
MF-W1,Mature_Forest,6/26/19,Wet,Mature_Forest_Wet,148,2.173186268,13734,4.137828664,6.3,0.6,160,25.2,7.1,4.88,25
MF-W1,Mature_Forest,7/17/19,Wet,Mature_Forest_Wet,498,2.698100546,17328,4.238773502,6.8,0.08,85,25.2,7.2,1.92,25
MF-W1,Mature_Forest,8/14/19,Wet,Mature_Forest_Wet,82,1.919078092,5016,3.700444101,6.8,0.08,63,25.9,6.72,3.13,25
MF-W1,Mature_Forest,9/2/19,Wet,Mature_Forest_Wet,40,1.612783857,34658,4.539816028,,,,,,,
MF-W1,Mature_Forest,9/20/19,Wet,Mature_Forest_Wet,144,2.161368002,25994,4.414889822,7,0.2,83,25.1,6.96,1.72,25
MF-W2,Mature_Forest,1/29/19,Dry,Mature_Forest_Dry,20,1.322219295,48400,4.684854335,6.6,0.19,66,25.1,,6.24,25
MF-W2,Mature_Forest,2/13/19,Dry,Mature_Forest_Dry,82,1.919078092,48400,4.684854335,7.8,0.28,135,23.6,4.82,1.73,
MF-W2,Mature_Forest,2/27/19,Dry,Mature_Forest_Dry,40,1.612783857,20924,4.320665467,7.2,0.28,85,24.5,,12.63,50
MF-W2,Mature_Forest,5/22/19,Wet,Mature_Forest_Wet,20,1.322219295,48400,4.684854335,6.6,0.33,150,24.8,7.3,1.35,25
MF-W2,Mature_Forest,6/18/19,Wet,Mature_Forest_Wet,370,2.56937391,6510,3.813647695,5.1,0.24,140,24.8,7.29,3.02,25
MF-W2,Mature_Forest,7/10/19,Wet,Mature_Forest_Wet,82,1.919078092,48400,4.684854335,6.09,0.1,79,25.9,5.98,2.74,25
MF-W2,Mature_Forest,7/24/19,Wet,Mature_Forest_Wet,104,2.021189299,8704,3.939768775,6.9,0.09,72,23.6,6.76,3.16,25
MF-W2,Mature_Forest,8/23/19,Wet,Mature_Forest_Wet,170,2.23299611,10344,4.014730495,7,0.08,64,25.2,7.8,2.3,50
MF-W2,Mature_Forest,9/9/19,Wet,Mature_Forest_Wet,0.5,0.176091259,260,2.416640507,6.6,0.19,71,26.9,7.48,1.74,25
MF-W3,Mature_Forest,1/28/19,Dry,Mature_Forest_Dry,270,2.432969291,6896,3.838660226,6.8,0.5,125,24,,3.71,25
MF-W3,Mature_Forest,2/11/19,Dry,Mature_Forest_Dry,40,1.612783857,9222,3.964872209,6.8,0.29,75,24.8,6.8,0.43,
MF-W3,Mature_Forest,2/25/19,Dry,Mature_Forest_Dry,0.5,0.176091259,11588,4.064045963,7,0.27,110,24.9,,0.4,
MF-W3,Mature_Forest,3/19/19,Dry,Mature_Forest_Dry,456,2.6599162,4764,3.678062905,6.6,0.34,157,25.9,6.83,2.33,50
MF-W3,Mature_Forest,4/1/19,Dry,Mature_Forest_Dry,82,1.919078092,6260,3.796643704,6.5,0.32,85,25.8,,2.37,25
MF-W3,Mature_Forest,4/15/19,Dry,Mature_Forest_Dry,2238,3.350054094,16328,4.212959589,,0.42,192,26,,1.37,50
MF-W3,Mature_Forest,4/29/19,Dry,Mature_Forest_Dry,346,2.540329475,16328,4.212959589,6.8,0.8,95,25,,1.48,
MF-W3,Mature_Forest,5/20/19,Wet,Mature_Forest_Wet,40,1.612783857,4718,3.673849977,7,0.6,112,24.6,5.95,0.83,25
MF-W3,Mature_Forest,6/3/19,Wet,Mature_Forest_Wet,0.5,0.176091259,82,1.919078092,6.6,0.43,192,25.2,3.55,4.49,50
MF-W3,Mature_Forest,6/17/19,Wet,Mature_Forest_Wet,40,1.612783857,1340,3.127428778,7,0.62,120,25,6.04,1.93,25
MF-W3,Mature_Forest,7/9/19,Wet,Mature_Forest_Wet,0.5,0.176091259,40,1.612783857,7,0.29,192,25.4,5.14,0.01,120
MF-W3,Mature_Forest,7/23/19,Wet,Mature_Forest_Wet,126,2.103803721,9222,3.964872209,6.9,0.26,94,26.7,7.26,3.37,25
MF-W3,Mature_Forest,8/30/19,Wet,Mature_Forest_Wet,852,2.930949031,34658,4.539816028,7.1,0.11,70,24.8,7.87,3.6,25
MF-W3,Mature_Forest,9/11/19,Wet,Mature_Forest_Wet,40,1.612783857,8212,3.914501823,6.8,0.2,36,25.9,7.37,2.63,25
MF-AS,Mature_Forest,11/8/18,Wet,Mature_Forest_Wet,146,2.167317335,22398,4.35022863,6.8,0.19,72,25.7,7.74,2.1,50
MF-AS,Mature_Forest,11/29/18,Wet,Mature_Forest_Wet,40,1.612783857,2878,3.459241665,7.7,0.18,135,25,7.23,12.49,50
MF-AS,Mature_Forest,12/12/18,Wet,Mature_Forest_Wet,220,2.344392274,28272,4.451371893,7.2,0.22,103,24.9,7.37,2.5,25
MF-AS,Mature_Forest,12/13/18,Dry,Mature_Forest_Dry,196,2.294466226,25994,4.414889822,6.7,0.2,72,25.1,,2.35,50
MF-AS,Mature_Forest,1/10/19,Dry,Mature_Forest_Dry,216,2.336459734,22398,4.35022863,7.6,0.21,153,25,,5.16,120
MF-AS,Mature_Forest,1/31/19,Dry,Mature_Forest_Dry,240,2.382017043,9222,3.964872209,7.6,0.23,194,23.4,5.87,0.9,
MF-AS,Mature_Forest,2/14/19,Dry,Mature_Forest_Dry,456,2.6599162,17328,4.238773502,7.3,0.21,152,24.5,,5.15,
MF-AS,Mature_Forest,2/28/19,Dry,Mature_Forest_Dry,292,2.46686762,17328,4.238773502,7,0.22,120,24.3,,5.6,250
MF-AS,Mature_Forest,3/14/19,Dry,Mature_Forest_Dry,218,2.340444115,48392,4.684782546,7,0.22,115,24.5,,3.25,120
MF-AS,Mature_Forest,3/28/19,Dry,Mature_Forest_Dry,104,2.021189299,10344,4.014730495,7.3,0.22,161,24.5,5.77,3.44,250
MF-AS,Mature_Forest,4/11/19,Dry,Mature_Forest_Dry,0.5,0.176091259,12976,4.113174305,7.1,0.18,137,24.4,4.61,1.93,50
MF-AS,Mature_Forest,4/25/19,Dry,Mature_Forest_Dry,62,1.799340549,3300,3.518645524,7.3,0.17,126,24.3,4.52,0.47,120
MF-AS,Mature_Forest,5/9/19,Dry,Mature_Forest_Dry,220,2.344392274,48392,4.684782546,6.5,0.24,150,25.6,4.89,7.7,120
MF-AS,Mature_Forest,5/30/19,Dry,Mature_Forest_Dry,0.5,0.176091259,216,2.336459734,6.5,0.35,170,25.7,4.46,3.1,50
MF-AS,Mature_Forest,6/13/19,Wet,Mature_Forest_Wet,322,2.509202522,20924,4.320665467,5.9,0.35,125,25.2,6.02,1.1,120
MF-AS,Mature_Forest,6/27/19,Wet,Mature_Forest_Wet,370,2.56937391,14540,4.162594274,6.5,0.18,94,25.1,6.57,0.42,50
MF-AS,Mature_Forest,7/12/19,Wet,Mature_Forest_Wet,1976,3.296006669,24066,4.381421958,6.9,0.17,117,25.7,7.51,17.85,50
MF-AS,Mature_Forest,7/25/19,Wet,Mature_Forest_Wet,148,2.173186268,28272,4.451371893,6.9,0.26,195,24.8,8.13,2.55,50
MF-AS,Mature_Forest,8/1/19,Wet,Mature_Forest_Wet,168,2.227886705,48400,4.684854335,6.9,0.17,110,26.1,6.48,0.98,50
MF-AS,Mature_Forest,8/28/19,Wet,Mature_Forest_Wet,240,2.382017043,18416,4.265218888,7.1,0.2,150,28.1,7.12,2.26,120
SF-W3,Secondary_Forest,12/10/18,Dry,Secondary_Forest_Dry,512,2.710117365,22398,4.35022863,7.2,0.25,92,23.3,,9.56,25
SF-W3,Secondary_Forest,12/11/18,Dry,Secondary_Forest_Dry,610,2.78604121,24066,4.381421958,,,,,,,
SF-W3,Secondary_Forest,1/29/19,Dry,Secondary_Forest_Dry,0.5,0.176091259,5848,3.767081621,5.7,0.14,68,24.8,,12.4,25
SF-W3,Secondary_Forest,2/13/19,Dry,Secondary_Forest_Dry,82,1.919078092,12976,4.113174305,7.1,0.44,96,24.2,5.25,1.36,
SF-W3,Secondary_Forest,2/27/19,Dry,Secondary_Forest_Dry,0.5,0.176091259,17328,4.238773502,7,0.32,96,25,,2.04,50
SF-W3,Secondary_Forest,3/18/19,Dry,Secondary_Forest_Dry,0.5,0.176091259,4564,3.659440782,5.4,0.18,63,25.8,4.69,7.62,
SF-W3,Secondary_Forest,4/17/19,Dry,Secondary_Forest_Dry,40,1.612783857,48392,4.684782546,6.1,0.23,109,26.2,,5.99,50
SF-W3,Secondary_Forest,5/21/19,Wet,Secondary_Forest_Wet,60,1.785329835,39726,4.59908577,6.6,0.43,124,24.9,6.2,6.34,50
SF-W3,Secondary_Forest,6/4/19,Wet,Secondary_Forest_Wet,630,2.800029359,24066,4.381421958,5.9,0.2,68,27.3,5.02,9.98,25
SF-W3,Secondary_Forest,6/18/19,Wet,Secondary_Forest_Wet,104,2.021189299,9222,3.964872209,5.4,0.15,72,25.8,6.33,1.05,25
SF-W3,Secondary_Forest,6/25/19,Wet,Secondary_Forest_Wet,170,2.23299611,19608,4.292455447,6.8,0.18,96,26.7,5.4,0.15,25
SF-W3,Secondary_Forest,7/3/19,Wet,Secondary_Forest_Wet,0.5,0.176091259,13734,4.137828664,7,0.08,60,26.2,6.36,1.67,25
SF-W3,Secondary_Forest,7/17/19,Wet,Secondary_Forest_Wet,828,2.918554531,20924,4.320665467,7,0.26,95,25.9,5.45,0.5,50
SF-W3,Secondary_Forest,7/22/19,Wet,Secondary_Forest_Wet,150,2.178976947,3358,3.526210004,6.9,0.16,94,26.3,4.74,0.53,50
SF-W3,Secondary_Forest,8/23/19,Wet,Secondary_Forest_Wet,366,2.564666064,11588,4.064045963,6.8,0.11,88,25.8,7.49,0.96,25
SF-W3,Secondary_Forest,9/5/19,Wet,Secondary_Forest_Wet,0.5,0.176091259,5446,3.736157375,6.2,0.1,78,26,7.51,8.33,25
SF-W1,Secondary_Forest,1/14/19,Dry,Secondary_Forest_Dry,0.5,0.176091259,48400,4.684854335,6.4,0.29,135,,6.93,32.55,25
SF-W1,Secondary_Forest,2/6/19,Dry,Secondary_Forest_Dry,82,1.919078092,25994,4.414889822,5.3,0.13,64,24.7,,3.75,
SF-W1,Secondary_Forest,2/19/19,Dry,Secondary_Forest_Dry,150,2.178976947,8212,3.914501823,7.3,0.15,66,24.8,6.82,1.77,50
SF-W1,Secondary_Forest,3/12/19,Dry,Secondary_Forest_Dry,168,2.227886705,48392,4.684782546,6.2,0.34,88,25,3.56,7.74,25
SF-W1,Secondary_Forest,3/26/19,Dry,Secondary_Forest_Dry,104,2.021189299,4374,3.640978057,6.3,0.36,70,26.2,4.36,2.37,25
SF-W1,Secondary_Forest,4/9/19,Dry,Secondary_Forest_Dry,62,1.799340549,12976,4.113174305,7.5,0.09,73,26.4,7.6,1.5,25
SF-W1,Secondary_Forest,4/23/19,Dry,Secondary_Forest_Dry,0.5,0.176091259,19608,4.292455447,7.1,0.25,85,26,,5.82,50
SF-W1,Secondary_Forest,5/7/19,Dry,Secondary_Forest_Dry,60,1.785329835,19608,4.292455447,7,0.08,65,27.2,4.36,3.48,50
SF-W1,Secondary_Forest,5/27/19,Wet,Secondary_Forest_Wet,916.575,2.962641572,51764.823,4.714043123,7.1,0.1,64,27,4.73,3.13,25
SF-W1,Secondary_Forest,6/11/19,Wet,Secondary_Forest_Wet,82,1.919078092,20924,4.320665467,7,0.16,96,25.9,5.16,1.05,25
SF-W1,Secondary_Forest,6/25/19,Wet,Secondary_Forest_Wet,148,2.173186268,6152,3.789086915,7.3,0.09,90,26,5.36,0.06,25
SF-W1,Secondary_Forest,7/16/19,Wet,Secondary_Forest_Wet,62,1.799340549,31062,4.492243397,7.1,0.18,114,27.2,4.96,7.72,25
SF-W1,Secondary_Forest,8/27/19,Wet,Secondary_Forest_Wet,172,2.238046103,18416,4.265218888,6.4,0.16,60,27,6.42,1.56,25
SF-W1,Secondary_Forest,9/4/19,Wet,Secondary_Forest_Wet,220,2.344392274,19608,4.292455447,6.8,0.16,65,25.9,6.48,2.32,25
SF-W2,Secondary_Forest,1/14/19,Dry,Secondary_Forest_Dry,150,2.178976947,48392,4.684782546,6.6,0.15,70,30.8,,24.71,25
SF-W2,Secondary_Forest,2/5/19,Dry,Secondary_Forest_Dry,146,2.167317335,19608,4.292455447,6.9,0.17,74,24.6,,65.68,
SF-W2,Secondary_Forest,2/18/19,Dry,Secondary_Forest_Dry,238,2.378397901,48400,4.684854335,8.5,0.13,66,25.1,6.63,31.72,25
SF-W2,Secondary_Forest,3/11/19,Dry,Secondary_Forest_Dry,126,2.103803721,48392,4.684782546,7,0.34,148,26.2,6.56,25,15.5
SF-W2,Secondary_Forest,4/8/19,Dry,Secondary_Forest_Dry,1166,3.067070856,8704,3.939768775,6.8,0.22,103,27.2,6.56,38.83,25
SF-W2,Secondary_Forest,4/22/19,Dry,Secondary_Forest_Dry,270,2.432969291,34658,4.539816028,6.4,0.27,135,26.5,,17.7,50
SF-W2,Secondary_Forest,5/6/19,Dry,Secondary_Forest_Dry,82,1.919078092,39726,4.59908577,6.7,0.39,134,25.1,,4.91,50
SF-W2,Secondary_Forest,5/28/19,Wet,Secondary_Forest_Wet,362,2.559906625,48392,4.684782546,6.8,0.2,121,24.5,7.4,10.91,25
SF-W2,Secondary_Forest,6/10/19,Wet,Secondary_Forest_Wet,48400,4.684854335,48400,4.684854335,6.5,0.15,70,24.8,6.8,5.51,25
SF-W2,Secondary_Forest,7/16/19,Wet,Secondary_Forest_Wet,20,1.322219295,39726,4.59908577,6.9,0.25,114,25.9,6.02,6.38,25
SF-W2,Secondary_Forest,7/30/19,Wet,Secondary_Forest_Wet,556,2.745855195,48400,4.684854335,6.9,0.07,56,25.2,7.43,37.56,25
SF-W2,Secondary_Forest,8/14/19,Wet,Secondary_Forest_Wet,62,1.799340549,5178,3.714245911,6.7,0.07,62,26.3,7.42,3.1,25
SF-W2,Secondary_Forest,8/30/19,Wet,Secondary_Forest_Wet,934,2.970811611,31062,4.492243397,7.4,0.1,75,25,6.95,3.55,25
SF-W2,Secondary_Forest,9/10/19,Wet,Secondary_Forest_Wet,242,2.385606274,34658,4.539816028,6.8,0.05,44,26,7.32,24.55,25
SF-AS,Secondary_Forest,11/8/18,Wet,Secondary_Forest_Wet,296,2.472756449,24066,4.381421958,6.9,0.15,62,26,6.95,0.95,25
SF-AS,Secondary_Forest,11/15/18,Wet,Secondary_Forest_Wet,264,2.423245874,6896,3.838660226,7.4,0.09,74,24.9,6.93,1.53,25
SF-AS,Secondary_Forest,11/29/18,Wet,Secondary_Forest_Wet,744,2.872156273,10344,4.014730495,7.6,0.11,85,25.2,,0.46,
SF-AS,Secondary_Forest,12/12/18,Wet,Secondary_Forest_Wet,1024,3.010723865,25994,4.414889822,6.9,0.09,54,25,,0.95,50
SF-AS,Secondary_Forest,1/10/19,Dry,Secondary_Forest_Dry,544,2.736396502,12262,4.088596728,6.9,0.15,80,25.9,,0.87,25
SF-AS,Secondary_Forest,1/31/19,Dry,Secondary_Forest_Dry,82,1.919078092,15402,4.187605315,7.7,0.11,89,23.8,6.87,1.52,
SF-AS,Secondary_Forest,2/14/19,Dry,Secondary_Forest_Dry,82,1.919078092,12262,4.088596728,7.6,0.11,84,24,6.3,2.28,50
SF-AS,Secondary_Forest,2/28/19,Dry,Secondary_Forest_Dry,0.5,0.176091259,14540,4.162594274,7.2,0.21,86,24.2,6.45,2.01,
SF-AS,Secondary_Forest,3/14/19,Dry,Secondary_Forest_Dry,292,2.46686762,31062,4.492243397,7.5,0.14,105,23.8,6.34,1.86,50
SF-AS,Secondary_Forest,3/28/19,Dry,Secondary_Forest_Dry,62,1.799340549,22398,4.35022863,7.1,0.12,90,25,,1.99,
SF-AS,Secondary_Forest,4/11/19,Dry,Secondary_Forest_Dry,512,2.710117365,1616,3.20871002,7.3,0.12,88,24.3,5.63,0.82,120
SF-AS,Secondary_Forest,4/17/19,Dry,Secondary_Forest_Dry,82,1.919078092,6510,3.813647695,6.9,0.09,74,24.5,5.34,1.51,120
SF-AS,Secondary_Forest,5/2/19,Dry,Secondary_Forest_Dry,268,2.42975228,13734,4.137828664,7.3,0.1,75,26.5,3.42,1.44,50
SF-AS,Secondary_Forest,5/9/19,Dry,Secondary_Forest_Dry,3806,3.580582877,48400,4.684854335,6.6,0.15,74,25.7,4.85,1.74,50
SF-AS,Secondary_Forest,5/30/19,Wet,Secondary_Forest_Wet,40,1.612783857,7746,3.889133556,6.8,0.22,110,26.3,3.89,3.59,50
SF-AS,Secondary_Forest,6/13/19,Wet,Secondary_Forest_Wet,194,2.290034611,14540,4.162594274,6.6,0.26,115,25.3,5.29,1.7,120
SF-AS,Secondary_Forest,6/27/19,Wet,Secondary_Forest_Wet,406,2.609594409,10344,4.014730495,6.7,0.11,83,25,5.9,0.93,50
SF-AS,Secondary_Forest,7/12/19,Wet,Secondary_Forest_Wet,196,2.294466226,8704,3.939768775,6.9,0.12,85,26.1,6.23,1.98,50
SF-AS,Secondary_Forest,7/25/19,Wet,Secondary_Forest_Wet,216,2.336459734,11588,4.064045963,7.1,0.1,76,24.9,7.66,1.44,50
SF-AS,Secondary_Forest,8/1/19,Wet,Secondary_Forest_Wet,126,2.103803721,48392,4.684782546,6.8,0.11,88,25.7,7.32,0.26,50
SF-AS,Secondary_Forest,8/28/19,Wet,Secondary_Forest_Wet,162,2.212187604,11588,4.064045963,7.3,0.11,82,27.2,6.58,1.2,50
SP-W4,Silvopasture,1/28/19,Dry,Silvopasture_Dry,240,2.382017043,9768,3.98985011,6.3,0.47,140,25.2,,1.68,25
SP-W4,Silvopasture,2/11/19,Dry,Silvopasture_Dry,264,2.423245874,48400,4.684854335,6.3,0.12,35,25.2,4.75,1.15,
SP-W4,Silvopasture,2/25/19,Dry,Silvopasture_Dry,20,1.322219295,10344,4.014730495,6.9,0.4,118,24.8,,0.53,
SP-W4,Silvopasture,3/19/19,Dry,Silvopasture_Dry,914,2.961421094,6260,3.796643704,6.8,0.27,130,26.4,7.21,9.52,25
SP-W4,Silvopasture,4/3/19,Dry,Silvopasture_Dry,209.979,2.32423923,7489.251,3.874496371,6.2,0.16,79,26.4,,77.17,25
SP-W4,Silvopasture,4/15/19,Dry,Silvopasture_Dry,103.323,2.018380068,11492.184,4.06044036,6.9,0.44,122,27.4,,2.13,25
SP-W4,Silvopasture,4/29/19,Dry,Silvopasture_Dry,172,2.238046103,8212,3.914501823,6.8,0.23,115,25.6,,1.53,
SP-W4,Silvopasture,5/20/19,Wet,Silvopasture_Wet,20,1.322219295,48400,4.684854335,6.5,0.5,225,24.9,6.02,1.03,25
SP-W4,Silvopasture,6/3/19,Wet,Silvopasture_Wet,0.5,0.176091259,672,2.828015064,6.5,0.56,210,26.2,5.94,2.49,50
SP-W4,Silvopasture,6/17/19,Wet,Silvopasture_Wet,0.5,0.176091259,1406,3.148294097,6.7,0.46,160,25.2,6.12,1.5,25
SP-W4,Silvopasture,7/9/19,Wet,Silvopasture_Wet,0.5,0.176091259,676.599,2.830972756,6.9,0.26,175,25.4,5.13,0,120
SP-W4,Silvopasture,7/23/19,Wet,Silvopasture_Wet,148,2.173186268,14540,4.162594274,6.6,0.09,44,26.6,7.64,4.45,25
SP-W4,Silvopasture,8/30/19,Wet,Silvopasture_Wet,242,2.385606274,9222,3.964872209,6.7,0.2,124,25.3,7.26,2.77,25
SP-W4,Silvopasture,9/11/19,Wet,Silvopasture_Wet,316,2.501059262,31062,4.492243397,6.9,0.09,84,26.1,7.22,25.78,25
SP-W1,Silvopasture,1/7/19,Dry,Silvopasture_Dry,82,1.919078092,48400,4.684854335,6.1,0.1,42,31.2,,1.76,25
SP-W1,Silvopasture,2/6/19,Dry,Silvopasture_Dry,196,2.294466226,48400,4.684854335,4.8,0.1,50,25.2,,5.56,
SP-W1,Silvopasture,2/19/19,Dry,Silvopasture_Dry,14505.216,4.16155414,80666.66667,4.906699495,7.6,0.24,70,24.3,3.39,22.5,25
SP-W1,Silvopasture,3/12/19,Dry,Silvopasture_Dry,173.316,2.241337252,66203.379,4.820886716,6.1,0.04,75,25,3.86,22.59,25
SP-W1,Silvopasture,3/26/19,Dry,Silvopasture_Dry,286.638,2.45884626,25667.433,4.409399357,6.5,0.17,80,26.4,4.01,12.96,25
SP-W1,Silvopasture,4/9/19,Dry,Silvopasture_Dry,0.5,0.176091259,80645.268,4.906584275,6.4,0.11,83,27.6,6.32,4.21,25
SP-W1,Silvopasture,4/23/19,Dry,Silvopasture_Dry,246.642,2.393824303,11492.184,4.06044036,5.6,0.25,79,25.1,,20.39,25
SP-W1,Silvopasture,5/7/19,Dry,Silvopasture_Dry,538,2.731588765,28272,4.451371893,5.7,0.07,90,26.7,2.35,14.76,25
SP-W1,Silvopasture,5/27/19,Wet,Silvopasture_Wet,323.301,2.510948288,51764.823,4.714043123,5.5,0.2,96,26.4,4.12,7.43,25
SP-W1,Silvopasture,6/11/19,Wet,Silvopasture_Wet,66.66,1.830331993,28877.112,4.460568796,5.6,0.16,48,27.2,4.12,1.18,25
SP-W1,Silvopasture,6/25/19,Wet,Silvopasture_Wet,173.316,2.241337252,48400,4.684854335,7.2,0.17,74,27.5,7.34,1.65,25
SP-W1,Silvopasture,7/16/19,Wet,Silvopasture_Wet,126,2.103803721,12976,4.113174305,7.1,0.17,78,26,7.31,7.1,25
SP-W1,Silvopasture,8/27/19,Wet,Silvopasture_Wet,82,1.919078092,10344,4.014730495,6,0.04,37,25.9,6.42,2.3,25
SP-W1,Silvopasture,9/4/19,Wet,Silvopasture_Wet,1122,3.050379756,15402,4.187605315,7.1,0.15,75,25.2,7.46,1.35,25
SP-W2,Silvopasture,1/7/19,Dry,Silvopasture_Dry,148,2.173186268,31062,4.492243397,5.7,0.18,66,34,,1.82,25
SP-W2,Silvopasture,2/6/19,Dry,Silvopasture_Dry,0.5,0.176091259,48392,4.684782546,4.5,0.04,26,25.3,,9.89,
SP-W2,Silvopasture,2/19/19,Dry,Silvopasture_Dry,66.66,1.830331993,80666.66667,4.906699495,6.9,0.32,120,25.8,4.84,4.67,25
SP-W2,Silvopasture,3/12/19,Dry,Silvopasture_Dry,136.653,2.138785681,43319.001,4.636688458,6.3,0.09,55,27.4,4.58,59,25
SP-W2,Silvopasture,3/26/19,Dry,Silvopasture_Dry,0.5,0.176091259,57757.557,4.761616335,6.9,0.45,82,26,4.84,8.55,25
SP-W2,Silvopasture,4/9/19,Dry,Silvopasture_Dry,0.5,0.176091259,18248.175,4.261243236,6.6,0.05,62,33.4,7.25,9.15,25
SP-W2,Silvopasture,4/23/19,Dry,Silvopasture_Dry,0.5,0.176091259,15368.463,4.186658694,6.4,0.12,75,27.4,,6.92,50
SP-W2,Silvopasture,5/7/19,Dry,Silvopasture_Dry,1326,3.122870923,48400,4.684854335,5.7,0.08,40,32.2,7.86,24.15,25
SP-W2,Silvopasture,5/27/19,Wet,Silvopasture_Wet,446.622,2.650911423,28877.112,4.460568796,6.3,0.14,67,30.1,4.01,28.06,25
SP-W2,Silvopasture,6/24/19,Wet,Silvopasture_Wet,246.642,2.393824303,28877.112,4.460568796,4.7,0.07,40,29.3,7.51,6.36,25
SP-W2,Silvopasture,8/26/19,Wet,Silvopasture_Wet,292,2.46686762,24066,4.381421958,5.5,0.02,28,26.1,5.31,4.78,25
SP-W2,Silvopasture,9/4/19,Wet,Silvopasture_Wet,8212,3.914501823,1042,3.018284308,7,0.19,84,27.2,5.65,2.5,25
SP-W3,Silvopasture,1/31/19,Dry,Silvopasture_Dry,218,2.340444115,25994,4.414889822,6.4,0.19,90,24.1,,4.26,50
SP-W3,Silvopasture,2/12/19,Dry,Silvopasture_Dry,218,2.340444115,28272,4.451371893,6.2,0.17,81,24.1,6.24,4.21,
SP-W3,Silvopasture,2/26/19,Dry,Silvopasture_Dry,126,2.103803721,39726,4.59908577,7.2,0.28,78,24.7,,2.35,50
SP-W3,Silvopasture,3/18/19,Dry,Silvopasture_Dry,363.297,2.561455595,80645.268,4.906584275,4.6,0.22,103,24.2,5.94,12.3,50
SP-W3,Silvopasture,4/2/19,Dry,Silvopasture_Dry,279.972,2.448663043,16278.372,4.211637647,6.3,0.72,140,25.9,5.2,13.75,50
SP-W3,Silvopasture,4/16/19,Dry,Silvopasture_Dry,2856.381,3.455968153,30690.264,4.487014775,6.3,0.18,98,25.6,,36.2,50
SP-W3,Silvopasture,4/30/19,Dry,Silvopasture_Dry,1114,3.047274867,3046,3.483872454,6.1,0.15,95,26.1,,2.37,50
SP-W3,Silvopasture,5/21/19,Wet,Silvopasture_Wet,646,2.810904281,9768,3.98985011,6.7,0.4,112,25.5,4.78,4.96,120
SP-W3,Silvopasture,6/4/19,Wet,Silvopasture_Wet,290,2.463892989,15402,4.187605315,6.4,0.39,174,28.2,5.96,4.21,25
SP-W3,Silvopasture,7/3/19,Wet,Silvopasture_Wet,776.589,2.890750108,24230.91,4.384387647,6.9,0.24,136,25.4,4.45,0.99,50
SP-W3,Silvopasture,7/22/19,Wet,Silvopasture_Wet,240,2.382017043,25994,4.414889822,6.9,0.28,74,26.4,4.96,0.2,50
SP-W3,Silvopasture,8/26/19,Wet,Silvopasture_Wet,104,2.021189299,20924,4.320665467,5.9,0.07,70,26.3,4.86,5.71,25
SP-W3,Silvopasture,9/3/19,Wet,Silvopasture_Wet,1626,3.211387553,48392,4.684782546,6.5,0.1,72,27.1,6.41,5.34,50
SP-AS,Silvopasture,11/8/18,Wet,Silvopasture_Wet,682,2.834420704,34658,4.539816028,7.1,0.22,75,25,6.65,1.5,50
SP-AS,Silvopasture,11/15/18,Wet,Silvopasture_Wet,1210,3.083144143,22398,4.35022863,7.2,0.09,69,25.1,6.57,3.7,50
SP-AS,Silvopasture,11/29/18,Wet,Silvopasture_Wet,296,2.472756449,8704,3.939768775,7.4,0.09,72,24.9,,1.75,
SP-AS,Silvopasture,12/12/18,Wet,Silvopasture_Wet,610,2.78604121,19608,4.292455447,7.2,0.12,50,25.3,,1,
SP-AS,Silvopasture,1/10/19,Dry,Silvopasture_Dry,498,2.698100546,22398,4.35022863,7.1,0.2,99,26,,1.25,25
SP-AS,Silvopasture,1/31/19,Dry,Silvopasture_Dry,346,2.540329475,31062,4.492243397,7.2,0.09,75,24,5.74,2.5,25
SP-AS,Silvopasture,2/14/19,Dry,Silvopasture_Dry,1542,3.188365926,22398,4.35022863,7.2,0.1,80,24.3,4.79,2.02,
SP-AS,Silvopasture,2/28/19,Dry,Silvopasture_Dry,148,2.173186268,15402,4.187605315,7,0.19,95,24.4,4.51,4.37,25
SP-AS,Silvopasture,3/14/19,Dry,Silvopasture_Dry,270,2.432969291,48392,4.684782546,7.5,0.12,93,24,3.88,1.73,50
SP-AS,Silvopasture,3/28/19,Dry,Silvopasture_Dry,654,2.8162413,31062,4.492243397,6.7,0.1,87,25,,2.07,
SP-AS,Silvopasture,4/11/19,Dry,Silvopasture_Dry,630,2.800029359,14540,4.162594274,6.8,0.2,97,24,3.58,1.42,50
SP-AS,Silvopasture,4/17/19,Dry,Silvopasture_Dry,104,2.021189299,13734,4.137828664,6.5,0.08,65,25.6,2.09,2.33,50
SP-AS,Silvopasture,5/2/19,Dry,Silvopasture_Dry,20,1.322219295,40,1.612783857,6.9,0.08,66,26.7,1.9,1.25,50
SP-AS,Silvopasture,5/9/19,Dry,Silvopasture_Dry,3570,3.55278985,48400,4.684854335,6.4,0.15,70,24.9,3.79,3.86,50
SP-AS,Silvopasture,5/30/19,Dry,Silvopasture_Dry,168,2.227886705,15402,4.187605315,6.6,0.2,103,26.6,4.48,3.8,50
SP-AS,Silvopasture,6/13/19,Wet,Silvopasture_Wet,558,2.747411808,10344,4.014730495,6.6,0.13,68,24.9,4.96,0.5,50
SP-AS,Silvopasture,6/27/19,Wet,Silvopasture_Wet,126,2.103803721,19608,4.292455447,6.9,0.18,75,25.3,6.02,0.38,50
SP-AS,Silvopasture,7/12/19,Wet,Silvopasture_Wet,374,2.574031268,24066,4.381421958,7,0.18,97,26.5,6.03,0.85,50
SP-AS,Silvopasture,7/25/19,Wet,Silvopasture_Wet,244,2.389166084,18416,4.265218888,7,0.14,88,24.9,7.58,0.4,50
SP-AS,Silvopasture,8/1/19,Wet,Silvopasture_Wet,104,2.021189299,48400,4.684854335,7.1,0.1,77,27,6.16,1,50
SP-AS,Silvopasture,8/28/19,Wet,Silvopasture_Wet,60,1.785329835,28272,4.451371893,7.1,0.09,68,26.5,6.13,,50